﻿<?xml version="1.0" encoding="utf-8"?>
<TextureAtlas imagePath="Zanta Assets.png">
	<!-- Created with Adobe Animate version 21.0.6.41649 -->
	<!-- http://www.adobe.com/products/animate.html -->
	<SubTexture name="zanta alt down0000" x="0" y="0" width="571" height="490"/>
	<SubTexture name="zanta alt idle0000" x="572" y="0" width="581" height="525"/>
	<SubTexture name="zanta alt left0000" x="1154" y="0" width="552" height="524"/>
	<SubTexture name="zanta alt right0000" x="1707" y="0" width="509" height="536"/>
	<SubTexture name="zanta alt up0000" x="2217" y="0" width="516" height="548"/>
	<SubTexture name="zanta down0000" x="2734" y="0" width="571" height="490"/>
	<SubTexture name="zanta idle0000" x="3306" y="0" width="581" height="525"/>
	<SubTexture name="zanta left0000" x="0" y="549" width="552" height="524"/>
	<SubTexture name="zanta right0000" x="553" y="549" width="524" height="534"/>
	<SubTexture name="zanta swap0000" x="1078" y="549" width="696" height="525" frameX="-4" frameY="-4" frameWidth="700" frameHeight="566"/>
	<SubTexture name="zanta swap0001" x="1078" y="549" width="696" height="525" frameX="-4" frameY="-4" frameWidth="700" frameHeight="566"/>
	<SubTexture name="zanta swap0002" x="1078" y="549" width="696" height="525" frameX="-4" frameY="-4" frameWidth="700" frameHeight="566"/>
	<SubTexture name="zanta swap0003" x="1775" y="549" width="630" height="521" frameX="-12" frameY="-9" frameWidth="700" frameHeight="566"/>
	<SubTexture name="zanta swap0004" x="1775" y="549" width="630" height="521" frameX="-12" frameY="-9" frameWidth="700" frameHeight="566"/>
	<SubTexture name="zanta swap0005" x="1775" y="549" width="630" height="521" frameX="-12" frameY="-9" frameWidth="700" frameHeight="566"/>
	<SubTexture name="zanta swap0006" x="2406" y="549" width="471" height="566" frameX="0" frameY="0" frameWidth="700" frameHeight="566"/>
	<SubTexture name="zanta swap0007" x="2406" y="549" width="471" height="566" frameX="0" frameY="0" frameWidth="700" frameHeight="566"/>
	<SubTexture name="zanta swap0008" x="2406" y="549" width="471" height="566" frameX="0" frameY="0" frameWidth="700" frameHeight="566"/>
	<SubTexture name="zanta swap0009" x="2878" y="549" width="608" height="522" frameX="-12" frameY="-8" frameWidth="700" frameHeight="566"/>
	<SubTexture name="zanta swap0010" x="2878" y="549" width="608" height="522" frameX="-12" frameY="-8" frameWidth="700" frameHeight="566"/>
	<SubTexture name="zanta swap0011" x="2878" y="549" width="608" height="522" frameX="-12" frameY="-8" frameWidth="700" frameHeight="566"/>
	<SubTexture name="zanta swap0012" x="0" y="1116" width="696" height="525" frameX="-4" frameY="-4" frameWidth="700" frameHeight="566"/>
	<SubTexture name="zanta swap0013" x="0" y="1116" width="696" height="525" frameX="-4" frameY="-4" frameWidth="700" frameHeight="566"/>
	<SubTexture name="zanta swap0014" x="0" y="1116" width="696" height="525" frameX="-4" frameY="-4" frameWidth="700" frameHeight="566"/>
	<SubTexture name="zanta swap0015" x="0" y="1116" width="696" height="525" frameX="-4" frameY="-4" frameWidth="700" frameHeight="566"/>
	<SubTexture name="zanta swap0016" x="0" y="1116" width="696" height="525" frameX="-4" frameY="-4" frameWidth="700" frameHeight="566"/>
	<SubTexture name="zanta swap0017" x="0" y="1116" width="696" height="525" frameX="-4" frameY="-4" frameWidth="700" frameHeight="566"/>
	<SubTexture name="zanta swap0018" x="0" y="1116" width="696" height="525" frameX="-4" frameY="-4" frameWidth="700" frameHeight="566"/>
	<SubTexture name="zanta swap0019" x="0" y="1116" width="696" height="525" frameX="-4" frameY="-4" frameWidth="700" frameHeight="566"/>
	<SubTexture name="zanta swap0020" x="0" y="1116" width="696" height="525" frameX="-4" frameY="-4" frameWidth="700" frameHeight="566"/>
	<SubTexture name="zanta up0000" x="697" y="1116" width="516" height="548"/>
</TextureAtlas>
